{"data/processed_data/scorings/task_1/on_test/scores--test-run1.pred.test.tsv": {"QAHC->P": {"counter": 340, "proof-leaves": {"acc": 0.8941176470588236, "F1": 0.9903193006329959, "P": 0.9969607843137256, "R": 0.985652852049911}, "proof-edges": {"acc": 0.38235294117647056, "F1": 0.5152813385849268, "P": 0.5171417961123845, "R": 0.5181348145318734}, "proof-intermediates": {"ROUGE_L_F": 0.836789075630252, "ROUGE_L_F_perfect_align": 0.8926259803921569, "BLEURT": -1.0, "BLEURT_P": 0.0, "BLEURT_R": 0.0, "BLEURT_F1": 0.0, "BLEURT_perfect_align": -0.9588235294117647, "BLEURT_acc": 0.0, "BLEURT_acc_perfect_align": 0.041176470588235294, "fraction_perfect_align": 0.6897549019607842}, "proof-overall": {"acc": 0.0, "acc_perfect_align": 0.0}}}}