{"data/processed_data/scorings/task_2/on_test/scores--test-run1.pred.test.tsv": {"QAHC->P": {"counter": 340, "proof-leaves": {"acc": 0.48823529411764705, "F1": 0.8904952294544165, "P": 0.9307258509464394, "R": 0.8767557932263819}, "proof-edges": {"acc": 0.27647058823529413, "F1": 0.41422513424676094, "P": 0.4166727145403617, "R": 0.42352622867328743}, "proof-intermediates": {"ROUGE_L_F": 0.8092374416433241, "ROUGE_L_F_perfect_align": 0.628047549019608, "BLEURT": -1.0, "BLEURT_P": 0.0, "BLEURT_R": 0.0, "BLEURT_F1": 0.0, "BLEURT_perfect_align": -0.711764705882353, "BLEURT_acc": 0.0, "BLEURT_acc_perfect_align": 0.28823529411764703, "fraction_perfect_align": 0.4945704948646127}, "proof-overall": {"acc": 0.0, "acc_perfect_align": 0.0}}}}